Name,Description,Price,Status,video_link
Colorful GeForce GTX 1050 Ti NB 4G-V 4GB GDDR5 Graphics Card,"Powered by GeForce GTX 1650. Integrated with 4GB GDDR5 128-bit. Core Clock- Boost:1468Mhz. Memory Clock: 7000Mhz.","24,000",Up Coming,https://www.startech.com.bd/colorful-geforce-gtx-1050-ti-nb-4g-v-graphics-card
Zotac Gaming GeForce RTX 3070 Twin Edge OC White Edition 8GB GDDR6 Graphics Card,"2nd Gen Ray Tracing & 3rd Gen Tensor Cores. IceStorm 2.0 Advanced Cooling. Active Fan Control, FREEZE Fan Stop. Metal Wraparound Backplate.","89,900",Available,https://www.startech.com.bd/zotac-geforce-rtx-3070-twin-edge-oc-8gb-graphics-card
Sapphire NITRO+ AMD Radeon RX 6900 XT Gaming 16GB RDNA Graphics Card,"Memory: 16GB/256 bit DDR6. 16 Gbps Effective. Boost Clock: Up to 2285MHz. Stream Processors: 5120. RDNA 2 Architecture.","139,900",Available,https://www.startech.com.bd/sapphire-nitro-plus-amd-radeon-rx-6900-xt-16gb-graphics-card
Gigabyte GT 710 2GB DDR3 Graphics Card,"Core Clock: 954 MHz. Clock Memory: v2.0 1600 MHz up to v1.0 1800 MHz. Memory Size / Type: 2 GB / DDR3. Dual-link DVI-D*1,HDMI*,1D-Sub*1.","5,700",Available,https://www.startech.com.bd/gigabyte-gv-n710d3-2gl
Asus GeForce GT 710 2GB DDR5 Graphics Card,"Silent passive cooling means true 0dB. Video Memory: 2GB GDDR5. Engine Clock: 954 MHz . Resolution: 2560x1600.","5,800",Available,https://www.startech.com.bd/asus-geforce-gt-710-graphics-card
Zotac GeForce GT 710 2GB DDR3 Graphics Card,"PCI Express PCIE 2.0. Video Memory 2GB DDR3. Memory Bus 64-bit. Engine Clock 954 MHz.","6,200",Available,https://www.startech.com.bd/zotac-gt-710-2gb-graphics-card
MSI GT 710 2GD3H LP 2GB DDR3 Gaming Graphic Card,"Boost Clock: 1600 MHz. D-Sub x 1/ HDMI x 1/ DL-DVI-D x 1. Predator: In-game video recording. Lower temperature and higher efficiency.","6,300",Available,https://www.startech.com.bd/msi-gt-710-2gd3h-lp-graphics-card
MSI GeForce GT 730 Kepler DDR3 2GB OC Low Profile Graphics Card,"2048MB DDR3 1600 MHz Memory. Core Clock: 902 MHz Core. HDMI x 1, Dual-link DVI-D x 1, D-Sub x 1. Low Profile Design, 3DVision Ready.","8,600",Available,https://www.startech.com.bd/msi-gt-730-kepler-ddr3-2gb-oc-graphics-card
ASUS GeForce GT 1030 2GB GDDR5 low Profile Graphics Card,"Silent passive cooling means true 0dB. Resolution: 1920x1200. Video Memory: 2GB GDDR5. Engine Clock: 1506 MHz (OC Mode).","10,500",Available,https://www.startech.com.bd/asus-geforce-gt-1030-graphics-card
Gigabyte GeForce GT 1030 Low Profile D4 2GB Graphics Card,"Memory Clock: 2100 MHz. Resolution: 4096 X 2160. Size: 2GB DDR4. DirectX: 12.","11,000",Available,https://www.startech.com.bd/gigabyte-gt-1030-low-profile-d4-2gb-graphics-card
Asus Phoenix GeForce GT 1030 OC 2GB GDDR5 Graphics Card,"1531 MHz Boost Clock in OC. Dual-ball Bearing Fan. IP5X-Certified Fan. GPU Tweak II.","11,200",Available,https://www.startech.com.bd/asus-phoenix-gt-1030-oc-graphics-card
ZOTAC GeForce GT 730 Zone Edition 4GB DDR3 Graphics Card,"Video Memory: 4GB. Engine Clock: 902 MHz. Bus Standard: 64-bit. CUDA cores: 384.","11,500",Available,https://www.startech.com.bd/zotac-gt-730-zone-edition-4gb-graphics-card
MSI GeForce GT 1030 2GD4 LP OC 2GB Graphics Card,"Boost Clock/ Base Clock: 1430 MHz/ 1189 MHz. Interface: PCI Express 3.0 x16 (uses x4). Output: DisplayPort (v1.4a), HDMI. Lower Temperature & Higher Efficiency.","11,700",Available,https://www.startech.com.bd/msi-gt-1030-2gd4-lp-oc-2gb-graphics-card
Asus Phoenix GeForce GTX 1050Ti 4GB GDDR5 Graphics Card,"Industry Only Auto-Extreme Technology with Super Alloy Power II. NVIDIA ANSEL. Dual-ball Bearing Fan. Easy plug and play gaming.","26,000",Available,https://www.startech.com.bd/asus-phoenix-gtx-1050ti-4gb-graphics-card
Asus Phoenix GeForce GTX 1650 OC Edition 4GB GDDR6 Graphics Card,"Boost Clock 1635 MHz. Axial-tech fan design . Auto-Extreme Technology. A stainless steel bracket.","28,900",Available,https://www.startech.com.bd/asus-phoenix-gtx1650-oc-4gb-graphics-card
Zotac Gaming GeForce GTX 1650 OC 4GB GDDR6 Graphics Card,"Super Compact. FireStorm Utility. 90mm Single Fan. Sunflower Heatsink.","38,000",Available,https://www.startech.com.bd/zotac-gaming-gtx-1650-oc-4gb-graphics-card
Asus TUF GeForce GTX 1660 Super Gaming 6GB GDDR6 Graphics Card,"IP5X dust resistance. Space-grade lubricant. TUF compatibility testing. A144-hour validation program.","48,000",Available,https://www.startech.com.bd/asus-tuf-gtx-1660-super-gaming-6gb-graphics-card
ZOTAC GAMING GeForce GTX 1660 SUPER 6GB GDDR6 Twin Fan Graphics Card,"Super Compact Design. Dual Offset Fan Design. 4K / HDR / VR Ready. FireStorm Utility.","52,500",Available,https://www.startech.com.bd/zotac-gaming-geforce-gtx-1660-super-graphics-card
ZOTAC GAMING GeForce GTX 1660 Ti 6GB GDDR6 Graphics Card,"Video Memory: 6GB. Engine Clock: 1770 MHz. Bus Standard: 192-bit. 4K and VR Ready.","55,900",Available,https://www.startech.com.bd/zotac-geforce-gtx-1660-ti
MSI GeForce GTX 1660 Super Ventus XS OC 6GB Graphics Card,"TORX Fan 2.0. Memory 6GB GDDR6. NVIDIA G-SYNC and HDR. Afterburner Overclocking Utility.","55,000",Available,https://www.startech.com.bd/msi-geforce-gtx-1660-super-graphics-card
Asus ROG Strix GeForce RTX 2060 EVO V2 6GB GDDR6 Graphics Card,"NVIDIA TURING GPU architecture. NVIDIA Shadowplay. Axial-tech fan design. 0dB Technology.","57,000",Available,https://www.startech.com.bd/asus-rog-strix-geforce-rtx-2060-evo-v2-graphics-card
MSI GeForce GTX 1660 Super Ventus XS OCV1 6GB GDDR6 Graphics Card,"Afterburner Overclocking Utility. Dual Fan Thermal Design. Memory 6GB GDDR6. NVIDIA G-SYNC and HDR.","58,000",Available,https://www.startech.com.bd/msi-gtx-1660-super-ventus-xs-oc-v1-graphics-card
EVGA GeForce GTX 1660 SUPER SC ULTRA GAMING 6GB GDDR6 Graphics Card,"All-Metal Backplate, Pre-Installed. Game Ready Drivers. NVIDIA G-SYNC Compatible. Dual Fan Design.","49,000",Available,https://www.startech.com.bd/evga-gtx-1660-super-sc-ultra-gaming-graphics-card
ZOTAC GAMING GeForce RTX 3060 Twin Edge OC GDDR6 12GB Graphics Card,"2nd Gen Ray Tracing Cores. 3rd Gen Tensor Cores . IceStorm 2.0 Advanced Cooling. Active Fan Control with FREEZE Fan Stop.","65,000",Available,https://www.startech.com.bd/zotac-rtx-3060-twin-edge-oc-12gb-graphics-card
ZOTAC GAMING GeForce RTX 3060 Ti Twin Edge OC LHR 8GB Graphics Card,"2nd Gen Ray Tracing Cores & 3rd Gen Tensor Cores . Active Fan Control with FREEZE Fan Stop. IceStorm 2.0 Advanced Cooling. LHR 25 MH/s ETH hash rate (est.).","68,900",Available,https://www.startech.com.bd/zotac-rtx3060-ti-twin-edge-oc-lhr-graphics-card
Sapphire PULSE AMD Radeon RX 6700 XT 12GB RDNA GDDR6 Graphics Card,"Memory: 12GB/192 bit DDR6. 16 Gbps Effective. Boost Clock: Up to 2581MHz. Stream Processors: 2560. RDNA 2 Architecture.","82,900",Available,https://www.startech.com.bd/sapphire-pulse-amd-radeon-rx-6700-xt-12gb-graphics-card
Sapphire NITRO+ AMD Radeon RX 6700 XT 12GB RDNA GDDR6 Graphics Card,"Boost Clock: Up to 2622MHz, Ray Accelerator: 40. Memory: 12GB/192 bit DDR6. 16 Gbps Effective. Stream Processors: 2560. RDNA 2 Architecture.","87,900",Available,https://www.startech.com.bd/sapphire-nitro-plus-amd-radeon-rx-6700-xt-12gb-graphics-card
Sapphire NITRO+ AMD Radeon RX 6700 XT Gaming OC 12GB GDDR6 Graphics Card,"Boost Clock: Up to 2622MHz, Ray Accelerator: 40. Memory: 12GB/192 bit DDR6. 16 Gbps Effective. Stream Processors: 2560. RDNA 2 Architecture.","88,900",Up Coming,https://www.startech.com.bd/sapphire-nitro-plus-amd-radeon-rx-6700-xt-gaming-oc-graphics-card
ASUS TUF Gaming Radeon RX 6700 XT OC Edition 12GB GDDR6 Graphics Card,"Axial-tech fan design. Dual ball fan bearings. An all-aluminum shroud. MaxContact heat spreader.","105,000",Available,https://www.startech.com.bd/asus-tuf-gaming-radeon-rx6700-xt-oc-graphics-card
ZOTAC GAMING GeForce RTX 3070 Ti Trinity 8GB GDDR6X Graphics Card,"Active Fan Control with FREEZE Fan Stop. IceStorm 2.0 Advanced Cooling. FireStorm Utility, VR Ready. SPECTRA 2.0 RGB Lighting.","95,000",Available,https://www.startech.com.bd/zotac-gaming-rtx-3070-ti-trinity-8gb-graphics-card
MSI GeForce RTX 3070 VENTUS 3X OC 8GB Graphics Card,"2nd Generation RT Cores 2X Throughput. Zero Frozr, Core Pipe, Graphene Backplate. 3rd Generation TENSOR Cores. SM 2X FP32 Throughput.","112,000",Available,https://www.startech.com.bd/msi-geforce-rtx-3070-ventus-3x-oc-8gb-graphics-card
Asus TUF Gaming RTX 3070 OC Edition 8GB GDDR6 Graphics Card,"NVIDIA Ampere Streaming Multiprocessors. 2nd Gen RT & 3rd Gen Tensor Cores. Axial-tech Fan Design, GPU Tweak II . Military-grade Capacitors.","116,000",Available,https://www.startech.com.bd/asus-tuf-gaming-rtx-3070-oc-8gb-graphics-card
MSI GeForce RTX 3080 VENTUS 3X 10GB OC Graphics Card,"Memory 10GB GDDR6. Core Clocks Boost: 1740 MHz. NVIDIA G-SYNC and VR Ready. Interface PCI Express x16 4.0.","176,000",Available,https://www.startech.com.bd/msi-geforce-rtx-3080-ventus-3x-oc-graphics-card
MSI GeForce RTX 3080 GAMING Z TRIO 10GB Graphics Card,"Boost Clock/ Memory Speed: 1830 MHz/ 19 Gbps. DisplayPort x 3 (v1.4a), HDMI x 1 . TORX Fan 4.0, Core Pipe, Airflow Control. Interface: PCI Express Gen 4.","178,000",Available,https://www.startech.com.bd/msi-geforce-rtx-3080-gaming-z-trio-10gb-graphics-card
MSI GeForce RTX 3090 Gaming X Trio 24GB Graphics Card,"Memory 24GB GDDR6x. Cores: 10496. NVIDIA G-SYNC and HDCP. Interface PCI Express x16 4.0.","255,000",Available,https://www.startech.com.bd/msi-rtx-3090-gaming-x-trio-24gb-graphics-card
Gigabyte GeForce RTX 3070 Ti Gaming OC 8GB Graphics Card,"NVIDIA Ampere Streaming Multiprocessors. 2nd Generation RT Cores. 3rd Generation Tensor Cores. WINDFORCE 3X Cooling System.",Not Set,Up Coming,https://www.startech.com.bd/gigabyte-rtx-3070-ti-gaming-oc-graphics-card
MSI Radeon RX 6700 XT GAMING X 12GB GDDR6 Graphics Card,"Boost Clock 2424 MHz. Video Memory 12GB GDDR6. Memory Interface 192-bit. 3x DisplayPort 1.4, 1x HDMI.",Not Set,Up Coming,https://www.startech.com.bd/msi-radeon-rx6700-xt-gaming-x-12g-graphics-card
ASUS TUF Gaming GeForce RTX 3060 OC Edition 12GB GDDR6 Graphics Card,"NVIDIA Ampere Streaming Multiprocessors. 2nd Gen RT Cores & 3rd Gen Tensor Cores. Axial-tech Fan Design. GPU Tweak II.",Not Set,Up Coming,https://www.startech.com.bd/asus-tuf-gaming-rtx3060-oc-12gb-graphics-card
Asus ROG Strix GeForce RTX 3060 OC Edition 12GB GDDR6 Gaming Graphics Card,"NVIDIA Ampere Streaming Multiprocessors. 2nd Gen RT Cores & 3rd Gen Tensor Cores. Axial-tech Fan Design. Super Alloy Power II.",Not Set,Up Coming,https://www.startech.com.bd/asus-rog-strix-rtx3060-oc-12gb-gaming-graphics-card
ASUS ROG Strix Radeon RX 6700 XT OC Edition 12GB GDDR6 Gaming Graphics Card,"Axial-tech Fan Design. 2.9-slot design expands cooling. Super Alloy Power II. MaxContact heat spreader.",Not Set,Up Coming,https://www.startech.com.bd/asus-rog-strix-radeon-rx6700-xt-oc-gaming-graphics-card
MSI Radeon RX 6900 XT GAMING X TRIO 16GB Graphics Card,"TORX Fan 4.0, Core Pipe, Airflow Control. Boost Clock: Up to 2340MHz. DisplayPort x 3, HDMI x 1. DirectX Raytracing (DXR).",Not Set,Up Coming,https://www.startech.com.bd/msi-radeon-rx-6900-xt-gaming-x-trio-16gb-graphics-card
Sapphire TOXIC AMD Radeon RX 6900 XT Extreme Edition 16GB GDDR6 Graphics Card,"AMD RDNA 2 Architecture. One Click TOXIC BOOST Up to 2730 MHz. Interface: PCI-Express 4.0. Output: 1x HDMI, 3x DisplayPort.","229,000",Available,https://www.startech.com.bd/sapphire-toxic-radeon-rx-6900-xt-extreme-edition-graphics-card
ZOTAC Gaming GeForce RTX 3070 Ti AMP Holo 8GB GDDR6X Graphics Card,"Active Fan Control with FREEZE Fan Stop. IceStorm 2.0 Advanced Cooling. FireStorm Utility, VR Ready. HoloBlack Design.","89,900",Available,https://www.startech.com.bd/zotac-gaming-geforce-rtx-3070-ti-amp-holo-graphics-card
MSI Radeon RX 6900 XT 16GB GDDR6 Graphics Card,"Powerhouse Performance. Memory: 16GB GDDR6. Memory Bus: 256-bit. Interface: PCI Express 4.0.",Not Set,Up Coming,https://www.startech.com.bd/msi-rx-6900-xt-16gb-graphics-card
MSI Radeon RX 6900 XT Gaming X Trio 16GB GDDR6 Graphics Card,"Cool and Quiet. Memory: 16GB GDDR6. Memory Bus: 256-bit. Interface: PCI Express 4.0.",Not Set,Up Coming,https://www.startech.com.bd/msi-rx-6900xt-gaming-x-trio-16gb-graphics-card
MSI Radeon RX 6900 XT Gaming Z Trio 16GB GDDR6 Graphics Card,"Cool and Quiet. Memory: 16GB GDDR6. Memory Bus: 256-bit. Interface: PCI Express 4.0.",Not Set,Up Coming,https://www.startech.com.bd/msi-rx-6900-xt-gaming-z-trio-16gb-graphics-card
Gigabyte Aorus GeForce RTX 3080 Ti Xtreme 12GB GDDR6X Graphics Card,"Ampere Streaming Multiprocessors. MAX-Covered Cooling. 6 Video Outputs. LCD Edge View.",Not Set,Up Coming,https://www.startech.com.bd/gigabyte-aorus-rtx-3080-ti-xtreme-12gb-graphics-card
Colorful iGame GeForce RTX 3060 Ultra W OC 12G-V 12GB GDDR6 Graphics Card,"iGame Ultra Back Plate, Auto Stop Technology. CUDA Cores: 3584, Memory Size: 12GB. Silver Plating Teechnology. Ports: 3 x DisplayPort, 1 x HDMI 2.1.","88,000",Pre Order,https://www.startech.com.bd/colorful-igame-rtx-3060-ultra-w-oc-12g-v-12gb-graphics-card
Colorful iGame GeForce RTX 3070 Ultra W OC-V 8GB GDDR6 Graphics Card,"iGame Ultra Back Plate, Storm Chaser. CUDA Cores: 5888, Memory Size: 8GB. Silver Plating Technology. Ports: 3 x DisplayPort, 1 x HDMI 2.1.","121,000",Pre Order,https://www.startech.com.bd/colorful-igame-rtx-3070-ultra-w-oc-v-8gb-graphics-card
Colorful iGame GeForce RTX 3080 Ti Advanced OC-V 12GB GDDR6X Graphics Card,"Armored Escalation, iGame Energy Core. Light frozen Effect, One key Overclock. Silver Plating Technology, Storm Chaser. Ports: 3 x DisplayPort, 1 x HDMI 2.1.","194,000",Pre Order,https://www.startech.com.bd/colorful-igame-geforce-rtx-3080-ti-advanced-oc-v-12gb-graphics-card
Colorful iGame GeForce RTX 3080 Neptune OC 10G-V 10GB GDDR6X Graphics Card,"NVIDIA DLSS, NVIDIA G-SYNC, 2nd Gen Ray Tracing Cores. CUDA Cores: 8704. Core Clock Base:1440Mhz. Ports: Display Ports x 3 & 1 xHDMI.","195,000",Pre Order,https://www.startech.com.bd/colorful-igame-geforce-rtx-3080-neptune-oc-10g-v-10gb-graphics-card
Colorful GeForce GT730K 2GD3-V 2GB Graphics Card,"CUDA Cores: 384. Core Clock: 900. Memory Clock: 1800. Ports: DVI, VGA & HDMI.","8,500",Up Coming,https://www.startech.com.bd/colorful-geforce-gt730k-2gd3-v-2gb-graphics-card
Colorful iGame GeForce RTX 3090 Neptune OC-V 24GB GDDR6X Graphics Card,"NVIDIA DLSS, NVIDIA G-SYNC, 2nd Gen Ray Tracing Cores. CUDA Cores:10496, Neptune Backboard. Antiflex-Cracking Design. Ports: Display Ports x 3 & 1 xHDMI 2.1.","260,000",Pre Order,https://www.startech.com.bd/colorful-igame-rtx-3090-neptune-oc-v-24gb-graphics-card
Zotac Gaming GeForce GTX 1650 AMP 4GB GDDR6 Graphics Card,"Factory Overclocked, Super Compact. 4K Ready, 70mm Twin Fan. OC Scannerâ€‹, Memory Clock: 12 Gbps. CUDA cores: 896.","14,500",Up Coming,https://www.startech.com.bd/zotac-gaming-geforce-gtx-1650-4gb-gddr4-graphics-card
Colorful GeForce GTX 1650 EX 4GD6-V 4GB GDDR6 Graphic Card,"Dual Fans.  compact size. Capacity: 4GB DDR6.  New  Appearance Design.","15,500",Up Coming,https://www.startech.com.bd/colorful-gtx-1650-ex-4gd6-v-4gb-graphic-card
Asus Phoenix GeForce GTX 1650 4GB GDDR6 Graphics Card,"NVIDIA Turing Architecture with Auto-Extreme Technology. Ultra-fast GDDR6, GPU Tweak II  . Axial-tech fan design. Dual ball fan bearings.","17,000",Up Coming,https://www.startech.com.bd/asus-phoenix-gtx-1650-4gb-graphics-card
MSI GeForce GTX 1050 TI 4GB Graphics Card,"Boost Clock / Base Clock: 1455 MHz / 1341 MHz. NVIDIA G-SYNC. Capacity: 4GB GDDR5. Memory Speed: 7008 MHz.","17,800",Up Coming,https://www.startech.com.bd/msi-gtx-1050-ti-4gb-graphics-card
Colorful iGame GeForce GTX 1650 Super Ultra OC 4GB-V Graphics Card,"Size: 4GB DDR6. CUDA Core: 1280. Core Clock: 1725 MHz. One-Key Overclock: 1755MHz.","18,000",Up Coming,https://www.startech.com.bd/colorful-igame-gtx-1650-super-ultra-oc-4gb-graphics-card
MSI Radeon RX 5500 XT Mech 4GB OC Graphics Card,"Boost Clock/ Game Clock/ Base Clock: Up to 1845 MHz/ Up to 1733 MHz / 1674 MHz. TORX Fan 3.0. AMD Radeon FreeSync. Afterburner Overclocking Utility.","19,300",Up Coming,https://www.startech.com.bd/msi-rx-5500-xt-mech-4gb-oc-graphics-card
MSI Radeon RX 5500 XT Mech 8GB OC Graphics Card,"Boost Clock/ Game Clock/ Base Clock: Up to 1845 MHz/ Up to 1733 MHz / 1674 MHz. TORX Fan 3.0. AMD Radeon FreeSync. Afterburner Overclocking Utility.","22,400",Up Coming,https://www.startech.com.bd/msi-rx-5500xt-mech-8gb-oc-graphics-card
Asus ROG Strix GeForce GTX 1650 SUPER OC Edition 4GB GDDR6 Graphics Card,"Boost Clock 1815 MHz (OC Mode). Ultra-fast GDDR6. 0dB technology . DirectCU II.","22,800",Up Coming,https://www.startech.com.bd/asus-rog-strix-1650-super-oc-4gb-graphics-card
Gigabyte GeForce GTX 1650 SUPER D6 4GB GDDR6 Graphics Card,"Core Clock: 1725 MHz. 90 mm unique blade fans. NVIDIA Turing architecture. 4GB GDDR6 128-bit interface.","23,000",Up Coming,https://www.startech.com.bd/gigabyte-gtx-1650-super-d6-4gb-graphics-card
Gigabyte GeForce GTX 1660 Super Gaming 6GB Graphics Card,"6GB GDDR6 192-bit memory interface. RGB Fusion 2.0 . NVIDIA Turing architecture. WINDFORCE 3X Cooling System.","30,500",Up Coming,https://www.startech.com.bd/gigabyte-gtx-1660-super-gaming-6gb-graphics-card
Gigabyte NVIDIA GeForce GTX 1650 OC 4GB Graphics Card,"Integrated with 4GB GDDR5 128-bit memory interface. WINDFORCE 2X Cooling System. Alternate Spinning Fans . 80mm Unique Blade Fan.","37,000",Up Coming,https://www.startech.com.bd/gigabyte-nvidia-geforce-gtx-1650-oc-4gb-graphics-card
Colorful GeForce RTX 3060 Ti NB-V 8GB Graphics Card,"Core Clock: Base: 1410Mhz; Boost:1665Mhz. Memory Size: 8GB. Memory Clock: 14Gbps. Memory Interface: PCIe: 4.0.","44,000",Up Coming,https://www.startech.com.bd/colorful-rtx-3060-ti-nb-v-8gb-graphics-card
ZOTAC GAMING GeForce RTX 3060 Ti Twin Edge 8GB Graphics Card,"2nd Gen Ray Tracing Cores. 3rd Gen Tensor Cores . IceStorm 2.0 Advanced Cooling. Active Fan Control.","46,900",Up Coming,https://www.startech.com.bd/zotac-rtx3060-ti-twin-edge-graphics-card
MSI GeForce RTX 3060 Ti VENTUS 2X OC 8GB Graphics Card,"Boost Clock/ Memory Speed: 1695 MHz/ 14 Gbps. DisplayPort x 3 / HDMI x 1. TORX Fan 3.0, Core Pipe. CUDA CORES: 4864.","48,500",Up Coming,https://www.startech.com.bd/msi-geforce-rtx-3060-ti-ventus-2x-oc-8gb-graphics-card
GIGABYTE GeForce RTX 3060 Ti EAGLE 8GB Graphics Card,"NVIDIA Ampere Streaming Multiprocessors. 100mm blade fans, RGB Fusion 2.0. 2nd Generation RT Cores. 3rd Generation Tensor Cores.","50,000",Up Coming,https://www.startech.com.bd/gigabyte-geforce-rtx-3060-ti-eagle-8gb-graphics-card
Colorful iGame GeForce RTX 3060 Ti Advanced OC-V 8GB Graphics Card,"NVIDIA Ampere Architecture. Armored Escalation. iGame Energy Core. Light Frozen Effect.","50,500",Up Coming,https://www.startech.com.bd/colorful-igame-rtx-3060-ti-advanced-oc-v-8gb-graphics-card
MSI GeForce RTX 3060 Ti GAMING X TRIO 8GB Graphics Card,"Boost Clock /Memory Speed:1830 MHz /14 Gbps. TORX Fan 4.0, Core Pipe, Airflow Control. DisplayPort x 3 and HDMI x 1. RGB Mystic Light.","52,000",Up Coming,https://www.startech.com.bd/msi-geforce-rtx-3060-ti-gaming-x-trio-8gb-graphics-card
GIGABYTE GeForce RTX 3060 Ti EAGLE OC 8GB Graphics Card,"NVIDIA Ampere Streaming Multiprocessors. 2nd Gen RT & 3rd Gen Tensor Cores. WINDFORCE 2X Cooling System. Protection back plate, RGB Fusion 2.0.","52,500",Up Coming,https://www.startech.com.bd/gigabyte-rtx-3060-ti-eagle-oc-8gb-graphics-card
MSI GeForce RTX 3060 VENTUS 2X OC 12GB Graphics Card,"12GB of GDDR6 VRAM. 3584 CUDA Cores. Ampere Architecture. Boostable up to 1807 MHz.","54,900",Up Coming,https://www.startech.com.bd/msi-rtx-3060-ventus-2x-oc-12gb-graphics-card
Colorful Battle Ax GeForce RTX 3070 NB-V 8GB Graphics Card,"Memory Size: 8GB. CUDA Cores: 5888. Black + Red Design. Core Clock: Boost:1725Mhz.","55,000",Up Coming,https://www.startech.com.bd/colorful-rtx-3070-nb-v-8gb-graphics-card
ZOTAC GAMING GeForce RTX 3070 Twin Edge 8GB GDDR6 Graphics Card,"3rd Gen Tensor Cores & 2nd Gen Ray Tracing Cores. IceStorm 2.0 Advanced Cooling. Active Fan Control, FREEZE Fan Stop. Metal Wraparound Backplate.","56,500",Up Coming,https://www.startech.com.bd/zotac-gaming-geforce-rtx-3070-twin-edge-8gb-graphics-card
ASUS KO NVIDIA GeForce RTX 3060 Ti OC Edition 8GB GDDR6 Graphics Card,"NVIDIA Ampere Streaming Multiprocessors. 2nd Generation RT Cores. Auto-Extreme Technology. 3rd Generation Tensor Cores.","59,900",Up Coming,https://www.startech.com.bd/asus-ko-rtx-3060-ti-oc-edition-8gb-graphics-card
ZOTAC GAMING GeForce RTX 3060 Ti Twin Edge OC 8GB Graphics Card,"2nd Gen Ray Tracing Cores. 3rd Gen Tensor Cores . White LED Lighting. IceStorm 2.0 Advanced Cooling.","63,900",Up Coming,https://www.startech.com.bd/zotac-rtx3060-ti-twin-edge-oc-graphics-card
ASUS KO RTX 3060 Ti Gaming Edition 8GB GDDR6 Graphics Card,"NVIDIA Ampere Streaming Multiprocessors. Enduring Capacitors. Axial-Tech Fan Design. Auto-Extreme Technology.","65,000",Up Coming,https://www.startech.com.bd/asus-ko-rtx-3060-ti-gaming-edition-8gb-graphics-card
GIGABYTE GeForce RTX 3070 Vision OC 8GB Graphics Card,"NVIDIA Ampere Streaming Multiprocessors. 2nd Gen RT & 3rd Gen Tensor Cores. WINDFORCE 3X Cooling System. RGB Fusion 2.0, Metal Back Plate.","66,000",Up Coming,https://www.startech.com.bd/gigabyte-geforce-rtx-3070-vision-oc-8gb-graphics-card
GIGABYTE Radeon RX 6800 GAMING OC 16GB Graphics Card,"Screen cooling, Graphene Nano Lubricant. 16GB GDDR6 256-bit memory interface. WINDFORCE 3X Cooling System. RGB Fusion 2.0, Dual BIOS.","72,000",Up Coming,https://www.startech.com.bd/gigabyte-radeon-rx-6800-gaming-oc-16gb-graphics-card
Colorful iGame GeForce RTX 3070 Vulcan OC-V 8GB Graphics Card,"One-Key OC- Base: 1500Mhz; Boost: 1875Mhz. Memory Size: 8GB. CUDA Cores: 5888. Memory Bus Width: 256 bit.","72,000",Up Coming,https://www.startech.com.bd/colorful-igame-rtx-3070-vulcan-oc-v-8gb-graphics-card
Sapphire Pulse AMD Radeon RX 6800 OC Gaming 16GB GDDR6 Graphics Card,"Fidelity Contrast Adaptive Sharpening. FidelityFX Ambient Occlusion. FidelityFX Variable Shading. DirectX Raytracing.","73,900",Up Coming,https://www.startech.com.bd/sapphire-pulse-rx-6800oc-gaming-16gb-graphics-card
Sapphire Pulse AMD Radeon RX 6800 XT 16GB GDDR6 Graphics Card,"GPU: Boost Clock: Up to 2310MHz. Memory: 16GB/256 bit DDR6. 16 Gbps Effective. Stream Processors: 4608. RDNA 2 Architecture.","101,900",Available,https://www.startech.com.bd/sapphire-pulse-amd-radeon-rx-6800-xt-graphics-card
Zotac Gaming GeForce RTX3080 Trinity OC 10GB GDDR6X Graphics Card,"Active Fan Control with FREEZE Fan Stop. 3rd Gen Tensor Cores. FireStorm Utility, VR Ready. IceStorm 2.0 Advanced Cooling.","81,900",Up Coming,https://www.startech.com.bd/zotac-gaming-rtx-3080-trinity-oc-10gb-graphics-card
Zotac Gaming GeForce RTX3080 Trinity OC LHR 10GB GDDR6X Graphics Card,"Active Fan Control with FREEZE Fan Stop. FireStorm Utility, VR Ready. IceStorm 2.0 Advanced Cooling. LHR 43 MH/s ETH hash rate (est.).","130,000",Available,https://www.startech.com.bd/zotac-gaming-rtx-3080-trinity-oc-lhr-10gb-graphics-card
Colorful iGame GeForce RTX 3070 Advanced OC-V 8GB Graphics Card,"Memory Size: 8GB. CUDA Cores: 5888. Core Clock: Boost: 1725Mhz. One-Key OC: Boost: 1815Mhz.","117,500",Pre Order,https://www.startech.com.bd/colorful-igame-rtx-3070-advanced-oc-v-8gb-graphics-card
Colorful GeForce GT710-2GD3-V 2GB Graphics Card,"Single Fan. No Power Supply. Powered by GeForce GT710. Integrated with 2GB GDDR5 64-bit.","3,900",Up Coming,https://www.startech.com.bd/colorful-geforce-gt710-2gd3-v-graphics-card
ZOTAC GeForce GT 1030 Low Profile 2GB GDDR5 Graphics Card,"Video Memory: 2GB. PCI Express 3.0. Engine Clock: 1468 MHz. White LED lighting.","7,300",Up Coming,https://www.startech.com.bd/zotac-geforce-gt-1030-graphics-card
Colorful GeForce GT1030 V3 2GB Graphics Card,"Single Fan. No Power Supply. Powered by GeForce GT1030. Integrated with 2GB GDDR5 64-bit.","7,400",Up Coming,https://www.startech.com.bd/colorful-geforce-gt1030-v3-graphics-card
Gigabyte GT 1030 2GB OC Graphics card,"Video Memory: 2 GB GDDR5. Clock: Base 1290 MHz in OC Mode . Resolution: 4096x2160. Dual-link DVI-Dx1, HDMI.","8,000",Up Coming,https://www.startech.com.bd/gigabyte-ggt-1030-oc-2g
MSI GeForce GT 1030 AERO ITX OC 2GB Graphic Card,"HDMI x 1/ SL-DVI-D. Boost Clock: 1518 MHz. Lower temperature and higher efficiency. Wireless control through Android/iOS devices.","8,200",Up Coming,https://www.startech.com.bd/msi-geforce-gt-1030-aero-itx-oc-graphics-card
Sapphire Pulse Radeon RX 550 4GB GDDR5 Graphics Card,"Engine Clock: Up to 1206 MHz . Memory: 4GB GDDR5 . 512 Stream Processors. Intelligent Fan Control III.","9,700",Up Coming,https://www.startech.com.bd/sapphire-pulse-radeon-rx-550-graphics-card
Sapphire Pulse Radeon RX 570 4GB GDDR5 HDMI DP Graphics card,"4GB 256-Bit GDDR5. Boost Clock 1284 MHz. 2048 Stream Processors. Dual-X Cooling.","12,700",Up Coming,https://www.startech.com.bd/sapphire-pulse-radeon-rx-570-4gb-graphics-card
MSI Radeon RX 570 ARMOR 4G OC GDDR5 Graphics Card,"AMD FreeSync & HDR compatible. Memory Speed 7000 MHz. CORE Clocks up to 1268 MHz. Interface PCI Express x16.","16,200",Up Coming,https://www.startech.com.bd/msi-radeon-rx570armor-4g-oc-graphics-card
Sapphire Pulse Radeon RX 570 8GB GDDR5 Graphics Card,"Engine Clock: Up to 1284 MHz . Memory: 8GB GDDR5 . 2048 Stream Processors. Dual-X Cooling.","17,000",Up Coming,https://www.startech.com.bd/sapphire-pulse-radeon-rx-570-graphics-card
Colorful GeForce GTX 1650 Super NB 4GB-V GDDR6 Graphics Card,"Ansel, GPU Boost. Dual Fans, Compact size. Powered by GeForce GTX 1650. Integrated with 4GB GDDR6 128-bit.","17,300",Up Coming,https://www.startech.com.bd/colorful-geforce-gtx-1650-super-nb-graphics-card
MSI Radeon RX 570 ARMOR 8G OC GDDR5 Graphics Card,"AMD FreeSync & HDR compatible. Memory Speed 7000 MHz. CORE Clocks up to 1268 MHz. Interface PCI Express x16.","17,800",Up Coming,https://www.startech.com.bd/msi-radeon-rx-570-armor-8g-oc-graphics-card
Zotac Gaming GeForce GTX 1650 Super 4GB GDDR6 Twin Fan Graphics Card,"Super Compact. 4K and HDR Ready . Dual Fan. FireStorm Utility.","17,999",Up Coming,https://www.startech.com.bd/zotac-gaming-geforce-gtx-1650-super-graphic-card
Gigabyte GeForce GTX 1650 Super OC 4GB Graphics Card,"Powered by GeForce GTX 1650 SUPER. Integrated with 4GB GDDR6 128-bit. 90 mm unique blade fans. 170mm compact card size.","18,800",Up Coming,https://www.startech.com.bd/gigabyte-gtx-1650-super-oc-graphics-card
Sapphire Pulse Radeon RX 5500 XT 4GB Graphics Card,"GPU: Boost Clock: Up to 1845 MHz. Memory: 4GB/128 bit GDDR6. 14 Gbps Effective. Stream Processors: 1408. Dual-X Cooling Technology.","18,900",Up Coming,https://www.startech.com.bd/sapphire-pulse-radeon-rx-5500-xt-4gb-graphics-card
Gigabyte GeForce GTX 1650 Super Windforce OC 4GB Graphics Card,"Powered by GeForce GTX 1650. Integrated with 4GB GDDR6 128-bit. WINDFORCE 2X Cooling System. 90 mm unique blade fans.","19,500",Up Coming,https://www.startech.com.bd/gigabyte-geforce-gtx-1650-super-graphics-card
MSI Radeon RX 570 8GT OC 8GB Graphics Card,"Boost Clock / Memory Frequency: Up to 1256 MHz / 7000 MHz. AMD FreeSync. Dual Fans Thermal Design. Lower temperature and higher efficiency.","19,800",Up Coming,https://www.startech.com.bd/msi-radeon-rx-570-8gt-oc-graphics-card
Gigabyte GeForce GTX 1650 D6 WINDFORCE OC 4G Graphics Card,"Powered by GeForce GTX 1650. 80 mm unique blade fans. WINDFORCE 2X Cooling System. Integrated with 4GB GDDR6 128-bit.","20,000",Up Coming,https://www.startech.com.bd/gigabyte-gtx-1650-windforce-oc-4gb-graphics-card
MSI GeForce GTX 1650 Super Gaming X 4GB Graphics Card,"Boost Clock / Memory Speed: 1755 MHz / 12 Gbps. TORX Fan 3.0. Zero Frozr technology. Mastery of Aerodynamics.","20,800",Up Coming,https://www.startech.com.bd/msi-geforce-gtx-1650-super-gaming-x-graphics-card
Colorful GeForce GTX 1660 NB 6GB-V Graphics Card,"Ansel, GPU Boost. Core Clock- Boost:1785Mhz  . Powered by GeForce GTX 1660. Integrated with 6GB GDDR6 192-bit.","22,000",Up Coming,https://www.startech.com.bd/colorful-geforce-gtx-1660-nb-graphics-card
Sapphire Pulse Radeon RX 5500 XT 8GB Graphics Card,"GPU: Boost Clock: Up to 1845 MHz. Memory:   8GB/128 bit GDDR6. 14 Gbps Effective. Stream Processors: 1408. Dual-X Cooling Technology.","22,200",Up Coming,https://www.startech.com.bd/sapphire-pulse-radeon-rx-5500-xt-graphics-card
Colorful iGame GeForce GTX 1660 Ultra 6GB Graphics Card,"Ansel, GPU Boost One-Key OC. Triple Fans,  RGB light. Powered by GeForce GTX 1660. Integrated with 6GB GDDR6 192-bit.","23,000",Up Coming,https://www.startech.com.bd/colorful-igame-geforce-gtx-1660-ultra-graphics-card
Asus Dual Radeon RX 5500 XT EVO 8GB GDDR6 Graphics Card,"IP5X Dust Resistance. Axial-Tech Fan Design. Auto-Extreme Technology. A 144-hour validation program.","23,500",Up Coming,https://www.startech.com.bd/asus-dual-rx-5500-xt-evo-8g-graphics-card
MSI Radeon RX 5500 XT Gaming X 8GB GDDR6 Graphics Card,"Boost Clock/ Game Clock/ Base Clock: Up to 1845 MHz / Up to 1737 MHz / 1685 MHz. Dispersion Fan Blade. Afterburner Overclocking Utility. Customize colors and LED effects.","24,000",Up Coming,https://www.startech.com.bd/msi-rx-5500-xt-gaming-xt-8g-graphics-card
Sapphire Nitro+ Radeon RX 5500 XT 8GB Graphics Card,"GPU: Boost Clock: Up to 1845 MHz. Memory:   8GB/128 bit GDDR6. 14.4 Gbps Effective. Stream Processors: 1408. Dual-X Cooling Technology.","24,400",Up Coming,https://www.startech.com.bd/sapphire-nitro-radeon-rx-5500-xt-graphics-card
Colorful iGame GeForce GTX 1660 Super Ultra 6GB-V Graphics Card,"Ansel, GPU Boost, One-Key OC. Triple Fans,  RGB light. Powered by GeForce GTX 1660. Integrated with 6GB GDDR6 192-bit.","25,500",Up Coming,https://www.startech.com.bd/colorful-igame-geforce-gtx-1660-super-ultra-graphics-card
Asus ROG Strix RX 5500XT 8GB Gaming Graphics Card,"Dual BIOS. ASUS FanConnect II. Axial-tech fan design. Auto-Extreme Technology.","25,500",Up Coming,https://www.startech.com.bd/asus-rog-strix-rx-5500xt-graphics-card
Gigabyte GeForce GTX 1660 Super Gaming OC 6GB Graphics Card,"Powered by GeForce GTX 1660 SUPER. Integrated with 6GB GDDR6 192-bit. WINDFORCE 3X Cooling System. RGB Fusion 2.0 & Protection Back Plate.","27,800",Up Coming,https://www.startech.com.bd/gigabyte-geforce-gtx-1660-super-gaming-graphics-card
MSI Radeon RX 5600 XT Gaming MX 6GB Graphics Card,"Boost Clock: Up to 1620 MHz, Base Clock: 1280 MHz. Memory Speed: 14Gbps. Afterburner Overclocking Utility. Afterburner Overclocking Utility.","32,300",Up Coming,https://www.startech.com.bd/msi-radeon-rx-5600-xt-gaming-mx-6g-graphics-card
Sapphire Radeon RX 5700 8G 8GB GDDR6 Graphics Card,"GPU: Boost Clock: Up to 1725 MHz. Memory: 8GB/256 bit DDR6. 14 Gbps Effective. Stream Processors: 2304. Blower type cooling.","33,800",Up Coming,https://www.startech.com.bd/sapphire-radeon-rx-5700-graphics-card
Gigabyte Radeon RX 5700 Gaming OC 8GB Graphics Card,"PCI Express 4.0 Support. Powered by AMD Radeon RX 5700. 8GB GDDR6 256-bit memory interface. RDNA Architecture with 7nm Processor Technology.","39,500",Up Coming,https://www.startech.com.bd/gigabyte-radeon-rx-5700-graphics-card
Sapphire AMD Radeon RX 5700 XT 8GB GDDR6 Graphics Card,"GPU: Boost Clock: Up to 1905 MHz. Memory: 8GB/256 bit GDDR6. 14.4 Gbps Effective. Stream Processors: 2560. Up to 9.75 TFLOPs, 4K@120Hz.","40,500",Up Coming,https://www.startech.com.bd/sapphire-amd-radeon-rx-5700-xt-graphics-card
Zotac Gaming GeForce RTX 2060 8GB GDDR6 Super Mini Graphics Card,"OC Scanner. Super Compact. IceStorm 2.0 Cooling. Metal Wraparound Backplate.","42,500",Up Coming,https://www.startech.com.bd/zotac-gaming-geforce-rtx-2060-super-mini-graphics-card
Gigabyte Radeon RX 5700 XT Gaming OC 8GB Graphics Card,"8GB 256-Bit GDDR6. Intuitive Controls with AORUS Engine. 3 x Display Port 1.4, 1 x HDMI 2.0b. PCI Express 4.0 x16.","42,500",Up Coming,https://www.startech.com.bd/gigabyte-radeon-rx-5700-xt-graphics-card
ASUS TUF Gaming X3 Radeon RX 5700 OC 8GB Graphics Card,"8GB 256-Bit GDDR6. 1 x HDMI 2.0b , 3 x DisplayPort 1.4. 2560 Stream Processors. PCI Express 4.0.","42,500",Up Coming,https://www.startech.com.bd/asus-gaming-x3-rx-5700-graphics-card
Sapphire Pulse Radeon RX 5700 XT 8GB GDDR6 Graphics Card,"GPU: Boost Clock: Up to 1925 MHz. Memory:    8GB/256 bit GDDR6. 14 Gbps Effective. Stream Processors: 2560. Dual-X Cooling Technology.","44,800",Up Coming,https://www.startech.com.bd/sapphire-pulse-radeon-rx-5700-xt-graphics-card
MSI Radeon RX 5700 XT Gaming X 8GB Graphics Card,"Boost Clock: Up to 1980 MHz, Game Clock: Up to 1870 MHz, Base Clock: 1730 MHz. Memory Speed: 14Gbps. Afterburner Overclocking Utility. Intelligent Sharpening Technology.","45,000",Up Coming,https://www.startech.com.bd/msi-radeon-rx-5700-xt-gaming-x-8g-graphics-card
Sapphire Nitro Plus Radeon RX 5700 XT 8GB GDDR6 Gaming Graphics Card,"Memory:   8GB/256 bit GDDR6. 14 Gbps Effective. Dual-X Cooling Technology. Stream Processors: 2560. GPU: Boost Clock: Up to 2010 MHz.","45,500",Up Coming,https://www.startech.com.bd/sapphire-nitro-plus-radeon-rx-5700-xt-graphics-card
ASUS TUF Gaming X3 Radeon RX 5700 XT OC 8GB Graphics Card,"8GB 256-Bit GDDR6. 1 x HDMI 2.0b , 3 x DisplayPort 1.4. 2560 Stream Processors. PCI Express 4.0.","48,000",Up Coming,https://www.startech.com.bd/asus-gaming-x3-rx-5700-xt-graphics-card
Gigabyte GeForce RTX 2060 OC 6GB Graphics Card,"Type GeForce RTX 2060. Memory Size	6 GB. Memory Type GDDR6. Card Bus PCI-E 3.0 x 16.","52,000",Up Coming,https://www.startech.com.bd/gigabyte-rtx-2060-oc-6gb-graphics-card
Colorful GeForce GTX 1660 Super NB 6GB-V Graphics Card,"Ansel, GPU Boost. Dual Fans  Compact size. Powered by GeForce GTX 1660. Integrated with 6GB GDDR6 192-bit.","54,000",Pre Order,https://www.startech.com.bd/colorful-geforce-gtx-1660-super-nb-graphics-card
Colorful GeForce GT1030 V4-V 2GB Graphics Card,"Single Fan. No Power Supply. Powered by GeForce GT1030. Integrated with 2GB GDDR5 64-bit.","11,000",Up Coming,https://www.startech.com.bd/colorful-geforce-gt1030-v4-v-graphics-card
Gigabyte GeForce GTX 1050 TI OC 4GB Graphics Card,"Support up to 8K display @60Hz. Powered by GeForce GTX 1050 Ti. WINDFORCE 2X with Blade Fan Design. Integrated with 4GB GDDR5 128bit memory.","14,500",Up Coming,https://www.startech.com.bd/gigabyte-gtx-1050-ti-oc-4gb-graphics-card
Zotac GeForce GTX 1660 Twin Fan Gaming 6GB GDDR5 Graphics Card,"Dual Fans. Super Compact. FireStorm Utility. 4K, VR and HDR Ready.","22,800",Up Coming,https://www.startech.com.bd/zotac-gtx-1660-twin-fan-gaming-6gb-graphics-card
Gigabyte Radeon RX 5500 XT Gaming OC 8GB Graphics Card,"Powered by AMD Radeon RX 5500 XT. Protection Back Plate. PCI-Express 4.0 Support. WindForce 3X Cooling System.","26,000",Up Coming,https://www.startech.com.bd/gigabyte-radeon-rx-5500-xt-gaming-oc-8-graphics-card
Colorful iGame GeForce 1660 TI 6GB Graphics Card,"Ansel, GPU Boost. CUDA Cores: 1536. Powered by GeForce GTX 1660 Ti. Integrated with 6GB GDDR6 192-bit.","27,500",Up Coming,https://www.startech.com.bd/colorful-igame-geforce-gtx-1660ti-graphics-card
Gigabyte GeForce GTX 1050 Ti D5 4GB (rev1.0/ rev1.1/ rev1.2) GDDR5 Graphic Card,"Integrated with 4GB GDDR5 128bit memory. Powered by GeForce GTX 1050 Ti. 90mm Fan Design. Support up to 8K display at 60Hz.","28,000",Up Coming,https://www.startech.com.bd/gigabyte-geforce-gtx-1050-ti-d5-4gb-graphic-card
Gigabyte Radeon RX 5600 XT Gaming OC 6GB Graphics Card,"PCI Express 4.0 x16. 6GB 192-Bit GDDR6. WINDFORCE 3X Cooling System. 3 x Display Port 1.4, 1 x HDMI 2.0b.","31,800",Up Coming,https://www.startech.com.bd/gigabyte-radeon-rx-5600-xt-graphics-card
Sapphire Pulse Radeon RX 5600 XT 6GB GDDR6 Graphics Card,"Memory: 6GB/2192 bit DDR6 14 Gbps Effective. Stream Processors: 2304. GPU: Boost Clock: Up to 1615 MHz. Radeon FreeSync 2 HDR Supported.","33,000",Up Coming,https://www.startech.com.bd/sapphire-pulse-radeon-rx-5600-xt-graphics-card
Sapphire Pulse Radeon RX 5700 8GB GDDR6 Graphics,"Memory:   8GB/256 bit DDR6. 14 Gbps Effective. GPU: Boost Clock: Up to 1750 MHz. Stream Processors: 2304. Dual-X Cooling Technology.","38,000",Up Coming,https://www.startech.com.bd/sapphire-pulse-radeon-rx-5700-graphics-card
MSI AMD Radeon RX 5700 MECH OC Gaming 8GB Graphics Card,"Boost Clock: Up to 1750 MHz, Game Clock: Up to 1675 MHz, Base Clock: 1515 MHz. Memory Speed: 14Gbps. Afterburner Overclocking Utility. TORX Fan 3.0, AMD Radeon FreeSync.","38,500",Up Coming,https://www.startech.com.bd/msi-amd-radeon-rx-5700-mech-oc-gaming-graphics-card
Asus Phoenix GeForce GTX 1660 Super 6GB GDDR6 Graphics Card,"Ultra-fast GDDR6 with over 50% more memory bandwidth. Dual ball fan bearings, Auto-Extreme Technology. Wing-blade fan & Dual ball fan bearings design. IP5X dust resistance, GPU Tweak II.","39,000",Available,https://www.startech.com.bd/asus-phoenix-geforce-gtx-1660-super-6gb-graphics-card
Gigabyte GeForce GTX 1660 OC 6GB GDDR5 Graphics Card,"Powered by GeForce GTX 1660. WINDFORCE 2X Cooling System. 90 mm unique blade fans. Protection backplate.","48,000",Up Coming,https://www.startech.com.bd/gigabyte-geforce-gtx-1660-oc-6gb-graphics-card
Sapphire Nitro Plus RX 5700 XT 8GB GDDR6 Special Edition Graphics Card,"Memory:   8GB/256 bit GDDR6. 14.4 Gbps Effective. Tri-X Cooling Technology. Stream Processors: 2560. Boost Clock: Up to 2035 MHz.","49,000",Up Coming,https://www.startech.com.bd/sapphire-nitro-plus-rx-5700-xt-8gb-se-graphics-card
Gigabyte AORUS GeForce RTX 3060 ELITE 12GB GDDR6 Graphics Card,"NVIDIA Ampere Streaming Multiprocessors. Core Clock 1867 MHz (Reference Card: 1777 MHz). 2 x DisplayPort 1.4a, 2 x HDMI 2.1. Supports PCI-E 4.0 x 16.","67,000",Up Coming,https://www.startech.com.bd/gigabyte-aorus-geforce-rtx-3060-elite-12gb-graphics-card
Colorful iGame GeForce RXT 3080 Ultra OC 10GB Graphics Card,"CUDA Core: 8704. Memory Size: 10 GB. Memory Bus: 320 bit. Bandwidth: 760.3 GB/s.","78,500",Up Coming,https://www.startech.com.bd/colorful-igame-rtx-3080-ultra-oc-10gb-graphics-card
Zotac Gaming Geforce RTX3080 Trinity 10GB GDDR6X Graphics Card,"Active Fan Control with FREEZE Fan Stop. 3rd Gen Tensor Cores. IceStorm 2.0 Advanced Cooling. FireStorm Utility, VR Ready.","79,900",Up Coming,https://www.startech.com.bd/zotac-gaming-geforce-rtx3080-trinity-10gb-graphics-card
Asus ROG Strix GeForce RTX 3070 OC Edition 8GB GDDR6 Gaming Graphics Card,"NVIDIA Ampere Streaming Multiprocessors. 2nd Gen RT Cores & 3rd Gen Tensor Cores. Axial-tech Fan Design. PCI Express 4.0.","80,000",Up Coming,https://www.startech.com.bd/asus-rog-strix-rtx3070-oc-8gb-gaming-graphics-card
Gigabyte GeForce RTX 3070 Eagle OC 8GB Graphics Card,"WIindForce 3X Cooling System with alternate spinning fans. Core Clock: 1770 MHz. 3rd Generation Tensor Cores. 8GB GDDR6 256-bit memory interface.","82,000",Up Coming,https://www.startech.com.bd/gigabyte-rtx-3070-eagle-oc-8gb-graphics-card
ZOTAC Gaming GeForce RTX 3070 Twin Edge OC 8GB GDDR6 Graphics Card,"White LED Lighting. 3rd Gen Tensor Cores . 2nd Gen Ray Tracing Cores. IceStorm 2.0 Advanced Cooling.","82,900",Up Coming,https://www.startech.com.bd/zotac-gaming-rtx-3070-twin-edge-oc-8gb-graphics-card
ZOTAC Gaming GeForce RTX 3070 Twin Edge OC LHR White Edition 8GB GDDR6 Graphics Card,"3rd Gen Tensor Cores & 2nd Gen Ray Tracing Cores. IceStorm 2.0 Advanced Cooling. IceStorm 2.0 Advanced Cooling. LHR 25 MH/s ETH hash rate (est.).",Not Set,Up Coming,https://www.startech.com.bd/zotac-gaming-rtx-3070-twin-edge-oc-lhr-white-edition-graphics-card
Colorful iGame GeForce RTX 3080 Advanced 10GB Graphics Card,"Armored Escalation. iGame Energy Core. Silver Plating Technology. Dual BIOS One-Key Switch.","83,000",Up Coming,https://www.startech.com.bd/colorful-igame-rtx-3080-advanced-10gb-graphics-card
Gigabyte GeForce RTX 3080 EAGLE OC 10GB Graphics Card,"NVIDIA Ampere Streaming Multiprocessors. 2nd Generation RT Cores. 3rd Generation Tensor Cores. WINDFORCE 3X Cooling System with alternate spinning fans.","83,000",Up Coming,https://www.startech.com.bd/gigabyte-rtx3080-eagle-oc-10gb-graphics-card
Colorful iGame GeForce RTX 3080 Advanced OC 10GB Graphics Card,"Armored Escalation. iGame Energy Core. Silver Plating Technology. Dual BIOS One-Key Switch.",Not Set,Up Coming,https://www.startech.com.bd/colorful-igame-rtx-3080-advanced-oc-10gb-graphics-card
ASUS TUF Gaming GeForce RTX 3060 12GB GDDR6 Graphics Card,"NVIDIA Ampere Streaming Multiprocessors. 2nd Gen RT Cores & 3rd Gen Tensor Cores. Axial-tech Fan Design. Dual ball fan bearings.","92,500",Up Coming,https://www.startech.com.bd/asus-tuf-gaming-rtx3060-12gb-graphics-card
Gigabyte AORUS GeForce RTX 3080 MASTER 10GB GDDR6X Graphics Card,"NVIDIA Ampere Streaming Multiprocessors. 2nd Gen RT & 3rd Gen Tensor Cores. LCD Edge View, 6 video outputs. MAX-COVERED Cooling.","95,000",Up Coming,https://www.startech.com.bd/gigabyte-aorus-rtx-3080-master-10gb-graphics-card
Asus TUF GeForce RTX 3070 Gaming 8GB GDDR6 Graphics Card,"NVIDIA Ampere Streaming Multiprocessors. 2nd Generation RT Cores. Dual Ball Fan Bearings. Axial-tech Fan Design.","98,000",Up Coming,https://www.startech.com.bd/asus-tuf-rtx-3070-gaming-8gb-graphics-card
Gigabyte AORUS GeForce RTX 3080 XTREME WATERFORCE 10GB GDDR6X Graphics Card,"NVIDIA Ampere Streaming Multiprocessors. 240mm radiator, 2x 120mm ARGB fans. 2nd Gen RT & 3rd Gen Tensor Cores. WATERFORCE cooling system.","99,999",Up Coming,https://www.startech.com.bd/gigabyte-aorus-rtx-3080-xtreme-waterforce-10gb-graphics-card
Sapphire NITRO+ AMD Radeon RX 6800 16GB GDDR6 Graphics Card,"Memory: 16GB/256 bit DDR6. 16 Gbps Effective. Boost Clock: Up to 2190MHz. AMD RDNA 2 Architecture. Output: 1x HDMI, 3x DisplayPort.","98,900",Available,https://www.startech.com.bd/sapphire-nitro-plus-amd-radeon-rx-6800-graphics-card
Sapphire NITRO+ AMD Radeon RX 6800 XT 16GB GDDR6 Graphics Card,"Memory: 16GB/256 bit DDR6. 16 Gbps Effective. Boost Clock: Up to 2360MHz. AMD RDNA 2 Architecture. Output: 1x HDMI, 3x DisplayPort.","98,900",Up Coming,https://www.startech.com.bd/sapphire-nitro-plus-amd-radeon-rx-6800-xt-graphics-card
Sapphire NITRO+ AMD Radeon RX 6800 XT SE 16GB GDDR6 ARGB Gaming Graphics Card,"Memory: 16GB/256 bit DDR6. 16 Gbps Effective. Boost Clock: Up to 2360MHz. Stream Processors: 4608. RDNA 2 Architecture, ARGB Fan.","101,900",Out Of Stock,https://www.startech.com.bd/sapphire-nitro-plus-amd-radeon-rx-6800-xt-se-16gb-argb-graphics-card
Gigabyte GeForce RTX 3080 GAMING OC 10GB Graphics Card,"Integrated with 10GB GDDR6X 320-bit memory interface. NVIDIA Ampere Streaming Multiprocessors. WINDFORCE 3X Cooling System. RGB Fusion 2.0.","112,000",Up Coming,https://www.startech.com.bd/gigabyte-geforce-rtx-3080-oc-10gb-graphics-card
Zotac Gaming GeForce RTX 3070 AMP Holo 8GB GDDR6 Graphics Card,"HoloBlack Design. SPECTRA 2.0 RGB Lighting. IceStorm 2.0 Advanced Cooling. Active Fan Control with FREEZE Fan Stop.","112,900",Up Coming,https://www.startech.com.bd/zotac-gaming-rtx-3070-amp-holo-8gb-graphics-card
Asus KO GeForce RTX 3070 Gaming Edition 8GB GDDR6 Graphics Card,"NVIDIA Ampere Streaming Multiprocessors. Unique Shroud Design. Axial-tech Fan Design. Enduring Capacitors.","112,000",Available,https://www.startech.com.bd/asus-ko-rtx-3070-gaming-8gb-graphics-card
ASUS Dual NVIDIA GeForce RTX 3070 OC Edition 8GB Gaming Graphics Card,"2nd Generation RT Cores & 3rd Generation Tensor Cores. AAA Gaming Performance, Ray Tracing. Two Powerful Axial-tech Fans. NVIDIA Ampere Streaming Multiprocessors.","118,000",Up Coming,https://www.startech.com.bd/asus-dual-nvidia-geforce-rtx-3070-oc-8gb-gaming-graphics-card
MSI GeForce RTX 3080 Gaming X Trio 10GB Graphics Card,"3rd Gen TENSOR CORES Up to 2X Throughput. 2nd Gen RT CORES 2X Throughput. TORX FAN 4.0, RGB Mystic Light. Core Pipe, Airflow Control.","125,900",Up Coming,https://www.startech.com.bd/msi-rtx-3080-gaming-x-trio-10gb-graphics-card
MSI GeForce RTX 3080 SUPRIM X 10GB Graphics Card,"Size: 10GB. TORX Fan 4.0. Boost Clock: 1905 MHz. Memory Speed: 19 Gbps.","127,900",Up Coming,https://www.startech.com.bd/msi-rtx-3080-suprim-x-10gb-graphics-card
Asus ROG Strix GeForce RTX 3070 8GB GDDR6 Gaming Graphics Card,"NVIDIA Ampere Streaming Multiprocessors. 2nd Gen RT Cores & 3rd Gen Tensor Cores. Axial-tech Fan Design. 2.9-slot design.","128,000",Up Coming,https://www.startech.com.bd/asus-rog-strix-rtx3070-8gb-gaming-graphics-card
Colorful iGame GeForce RTX 3090 Advanced OC 24GB Graphics Card,"CUDA Core: 10496. Memory Size: 24 GB. Memory Bus: 384 bit. Bandwidth: 936.2 GB/s.","169,000",Up Coming,https://www.startech.com.bd/colorful-igame-rtx-3090-advanced-oc-24gb-graphics-card
MSI GeForce RTX 3090 VENTUS 3X OC 24GB Graphics Card,"Boost Clock & Memory Speed: 1725 MHz & 19.5 Gbps. TORX Fan 3.0, Zero Frozr, Thermal Padding. Core Pipe, Triple Fan Thermal Design. Metal backplate with heatpipes.","171,900",Up Coming,https://www.startech.com.bd/msi-geforce-rtx-3090-ventus-3x-oc-24gb-graphics-card
Asus ROG Strix GeForce RTX 3080 OC Edition 10GB GDDR6X Gaming Graphics Card,"NVIDIA Ampere Streaming Multiprocessors. 2nd Gen RT Cores & 3rd Gen Tensor Cores. Axial-tech Fan Design. 2.9-slot design.","175,000",Up Coming,https://www.startech.com.bd/asus-rog-strix-rtx3080-oc-10gb-gaming-graphics-card
ZOTAC GeForce RTX 3090 Trinity 24GB GDDR6X Gaming Graphics Card,"2nd Gen Ray Tracing Cores, 3rd Gen Tensor Cores. NVLink Ready. IceStorm 2.0 Advanced Cooling. Active Fan Control, FREEZE Fan Stop.","175,900",Up Coming,https://www.startech.com.bd/zotac-rtx-3090-trinity-24gb-gaming-graphics-card
ZOTAC GAMING GeForce RTX 3080 Ti Trinity 12GB GDDR6X Graphics Card,"Active Fan Control with FREEZE Fan Stop. SPECTRA 2.0 RGB Lighting. IceStorm 2.0 Advanced Cooling. FireStorm Utility, VR Ready.","179,000",Up Coming,https://www.startech.com.bd/zotac-gaming-geforce-rtx-3080-ti-trinity-12gb-graphics-card
Colorful iGame GeForce RTX 3080 Vulcan OC 10G-V 10GB GDDR6X Graphics Card,"NVIDIA DLSS, NVIDIA G-SYNC, 2nd Gen Ray Tracing Cores. Core Clock Base:1440Mhz. Ports: Display Ports x 3 & HDMI x 1. Cooler: Triple Fans + 6x8mm pipes.","188,000",Up Coming,https://www.startech.com.bd/colorful-igame-geforce-rtx-3080-vulcan-oc-10g-v-graphics-card
ZOTAC GAMING GeForce RTX 3080 Ti AMP Holo 12GB Graphics Card,"2nd Gen Ray Tracing Cores & 3rd Gen Tensor Cores. HoloBlack Design, Active Fan Control. SPECTRA 2.0 RGB Lighting. IceStorm 2.0 Advanced Cooling.","191,000",Up Coming,https://www.startech.com.bd/zotac-gaming-geforce-rtx-3080-ti-amp-holo-12gb-graphics-card
ASUS ROG Strix NVIDIA GeForce RTX 3090 OC Edition 24GB Gaming Graphics Card,"NVIDIA Ampere Streaming Multiprocessors. 2nd Gen RT Cores & 3rd Gen Tensor Cores. Axial-tech Fan Design, 2.9-slot . Super Alloy Power II, GPU Tweak II.","198,000",Up Coming,https://www.startech.com.bd/asus-rog-strix-rtx-3090-oc-24gb-gaming-graphics-card
Gigabyte GeForce RTX 3090 GAMING OC 24GB GDDR6X GAMING Graphics Card,"NVIDIA Ampere Streaming Multiprocessors. Integrated with 24GB GDDR6X 384-bit memory interface. WINDFORCE 3X Cooling System with alternate spinning fans. RGB Fusion 2.0.","215,000",Up Coming,https://www.startech.com.bd/gigabyte-rtx3090-gaming-oc-24gb-graphics-card
MSI GeForce RTX 3090 SUPRIM X 24GB Graphics Card,"1860MHz (GAMING & SILENT Mode), CUDA Cores: 10496 Units. PCI Express Gen 4, 384-bit. Extreme Performance: 1875MHz . Dual BIOS, Dragon Center.","275,000",Up Coming,https://www.startech.com.bd/msi-geforce-rtx-3090-suprim-x-24gb-graphics-card
GALAX GeForce RTX 2070 Super EX (1-Click OC) 8GB GDDR6 Graphics Card,"Standard Memory 8GB. Memory Speed 14Gbps. PCI-E 3.0.",Not Set,Out Of Stock,https://www.startech.com.bd/galax-rtx2070-super-ex-8gb-graphics-card
GALAX GeForce RTX 2060 Super EX (1-Click OC) 8GB GDDR6 256-bit Graphics Card,"100mm Twin Fans for cooling. Silent Extreme Technology. Xtreme Tuner. RGB Effect.",Not Set,Out Of Stock,https://www.startech.com.bd/galax-rtx-2060-super-ex-8gb-graphics-card
GALAX GeForce RTX 2080 Super EX (1-Click OC) 8GB GDDR6 Graphics Card,"100 mm Twin Fans. BUS Type: 256-bit. Boost Clock (MHz) 1845. Memory Speed 15.5 Gbps.",Not Set,Out Of Stock,https://www.startech.com.bd/galax-geforce-rtx-2080-super-ex-8gb-graphics-card
GALAX GeForce RTX 2070 Super Work The Frames Edition 8GB GDDR6 256-bit Graphics Card,"Real-Time Ray Tracing. NVIDIA G-SYNC Compatible. Microsoft DirectX 12 API, Vulkan API.",Not Set,Out Of Stock,https://www.startech.com.bd/galax-geforce-rtx-2070-super-8gb-graphics-card
GALAX GeForce RTX 2070 Super EX Gamer Black Edition 8GB GDDR6 Graphics Card,"90MM Triple Fan. Silent Extreme Technology. Extra Long Heat Pipes. Strong Stamped Aluminum Back Plate.",Not Set,Out Of Stock,https://www.startech.com.bd/galax-rtx2070-super-ex-black-edition-8gb-graphics-card
Asus ROG Strix RX 5600 XT OC Gaming 6GB Graphics Card,"6GB 192-Bit GDDR6. 1 x HDMI 2.0b , 3 x DisplayPort 1.4. 2304 Stream Processors. PCI Express 4.0.",Not Set,Out Of Stock,https://www.startech.com.bd/asus-rog-strix-rx-5600-xt-oc-gaming-graphics-card
GALAX GeForce RTX 2060 Super (1-Click OC) V2 8GB GDDR6 256-bit Graphics Card,"8GB GDDR6. CUDA Cores : 2176. Boost Clock (MHz) 1665. Memory Bandwidth (GB/sec) 448.",Not Set,Out Of Stock,https://www.startech.com.bd/galax-geforce-rtx-2060-super-1-click-oc-v2-gpu
GALAX GeForce GTX 1660 Super (1-Click OC) 6GB GDDR6 Graphics Card,"CUDA Cores 1408, Boost Clock (MHz) 1800. 1-Click OC Clock (MHz) 1815. Memory Speed: 14 Gbps. Width 192-bit GDDR6.",Not Set,Out Of Stock,https://www.startech.com.bd/galax-geforce-gtx-1660-super-6gb-gddr6-graphics-card
GALAX GeForce RTX 3070 SG (1-Click OC) 8GB GDDR6 Graphics Card,"2nd Gen Ray Tracing & 3rd Gen Tensor Cores. NVIDIA DLSS, NVIDIA G-SYNC. Microsoft DirectX Ultimate. NVIDIA GPU Boost, Vulkan RT API.",Not Set,Out Of Stock,https://www.startech.com.bd/galax-geforce-rtx-3070-sg-8gb-gddr6-graphics-card
GALAX GeForce RTX 3090 HOF 24GB GDDR6X Graphics Card,"2nd Gen Ray Tracing Cores. 3rd Gen Tensor Cores. Boost Clock (MHz) 1800. Memory Speed 19.5 Gbps.",Not Set,Out Of Stock,https://www.startech.com.bd/galax-geforce-rtx3090-hof-24gb-graphics-card
GALAX GeForce RTX 3090 HOF Limited Edition 24GB GDDR6X Graphics Card,"Memory Interface Width 384-bit GDDR6X. DisplayPort 1.4a x 3, HDMI 2.1. Boost Clock (MHz) 1860. Memory Speed 19.5 Gbps.",Not Set,Out Of Stock,https://www.startech.com.bd/galax-geforce-rtx3090-hof-limited-edition-24gb-graphics-card
Cooler Master Universal VGA Holder for all size Tower Chassis,"Supports 2 VGA Graphics Card. Materials: Steel, ABS. Easy Assembly and Adjustment. Two 12cm poles.","1,300",Out Of Stock,https://www.startech.com.bd/cooler-master-universal-vga-holder
Gigabyte GT 710 2GB DDR5 Graphics Card,"Video Memory: 2 GB GDDR5. Clock: Base 5010 MHz. Resolution:  4096 X 2160. Dual-link DVI-I*1 / HDMI*1.","6,000",Out Of Stock,https://www.startech.com.bd/gigabyte-gt-710-2gb-ddr5-graphics-card
GALAX GeForce GT 1030 EXOC White 2GB GDDR5 Graphics Card,"Memory Interface Width 64-bit GDDR5. Memory Clock 2048MB. Boost Clock 1506MHz. Streaming Processing Unit(SP): 384.","8,000",Out Of Stock,https://www.startech.com.bd/galax-geforce-gt-1030-white-graphics-card
Sapphire Pulse Radeon RX 550 2GB GDDR5 Graphics Card,"Engine Clock: Up to 1206 MHz . Memory: 2GB GDDR5 . 512 Stream Processors. Intelligent Fan Control III.","8,600",Out Of Stock,https://www.startech.com.bd/sapphire-pulse-radeon-rx-550-2gb-graphics-card
Gigabyte GeForce GT 1030 Low Profile 2GB DDR5 Graphics Card,"Powered by GeForce GT 1030. Integrated with 2GB GDDR5 64bit memory. Low profile design with 150 mm card length. One-click overclocking via AORUS Graphics Engine.","7,600",Out Of Stock,https://www.startech.com.bd/gigabyte-geforce-gt-1030-low-profile-graphics-card
ASUS Phoenix Radeon RX 550 4GB Evo Graphics Card,"IP5X Dust Resistance. Dual Ball Fan Bearings. AMD Radeon FreeSync. Auto-Extreme Technology.","10,800",Out Of Stock,https://www.startech.com.bd/asus-phoenix-rx-550-4gb-evo-graphics-card
XFX Radeon RX 560 4GB DDR5 PCI-E AMD Graphics Card (RX-560D4SFG5),"XFX True Clock: 1196MHz. 4GB 128-Bit GDDR5. 6000 MHz Effective Memory Clock. Resolution (DIGITAL): 4096 x 2160.","12,000",Out Of Stock,https://www.startech.com.bd/xfx-radeon-rx-560-amd-graphics-card
GALAX GeForceÂ® GTX 1050 Ti EXOC White 4GB DDR5 Graphics Card,"Engine Clock: Base 1354 MHz/Boost 1468 MHz. Resolution: 4096x2160@60Hz. Display: DP, HDMI, DVI,HDCP. 4 GB GDDR5 Memory.","15,000",Out Of Stock,https://www.startech.com.bd/galax-geforce-gtx-1050-ti-exoc-white-graphics-card
GALAX GeForce GTX 1650 EX (1-Click OC) 4GB GDDR5 Graphics Card,"Type 4GB GDDR5. Boost Clock (MHz) 1680. Memory Speed 8 Gbps. Multi Monitor 3 Displays.","15,000",Out Of Stock,https://www.startech.com.bd/galax-gtx-1650-ex1-click-oc-graphics-card
MSI GeForce GTX 1650 D6 Ventus XS OCV1 4GB GDDR6 Graphics Card,"Boost Clock: 1620 MHz, Memory Speed: 12Gbps. Ultra-high delivers 4x of 1080p content. Afterburner Overclocking Utility. High Dynamic Range.","15,800",Out Of Stock,https://www.startech.com.bd/msi-gtx-1650-d6-ventus-xs-ocv1-4gb-graphics-card
PNY GeForce GTX 1650 Dual-Fan 4GB GDDR6 Graphics Card,"Turing Shaders. NVIDIA GPU Boost. State-Of-The-Art-Graphics. Best-In-Class Performance.","16,000",Out Of Stock,https://www.startech.com.bd/pny-gtx-1650-dual-fan-4gb-graphics-card
Zotac Gaming GeForce GTX 1650 AMP Core 4GB GDDR6 Graphics Card,"4K Ready. Turing Encoder. Super Compact. Factory Overclocked.","16,200",Out Of Stock,https://www.startech.com.bd/zotac-gaming-gtx-1650-amp-graphics-card
Gigabyte GeForce GTX 1650 D6 OC 4GB Graphics Card,"NVIDIA Turing architecture and GeForce Experience. Core Clock: 1635 MHz. 80mm unique blade fan. 170 mm compact card size.","16,200",Out Of Stock,https://www.startech.com.bd/gigabyte-gtx-1650-d6-oc-4gb-graphics-card
XFX AMD Radeon RX 570 RS 8GB XXX Edition Graphics Card,"GPU Clock 1328MHz. 8 GB DDR5 256 bit Memory. Resolution (DIGITAL) 4096 x 2160. Minimum Power Supply Requirement 500 watt.","16,500",Out Of Stock,https://www.startech.com.bd/xfx-rx570-rs-8gb-xxx-edition-graphics-card
MSI GeForce GTX 1650 Super Ventus XS OC 4GB Graphics Card,"Boost Clock: 1740 MHz. Predator: In-game video recording. NVIDIA G-SYNC and HDR. DisplayPort x 1/ HDMI x 1/ DL-DVI-D x 1.","16,500",Out Of Stock,https://www.startech.com.bd/msi-geforce-gtx-1650-super-ventus-xs-graphics-card
Gigabyte Radeon  RX 5500 XT OC 4GB Graphics Card,"Powered by AMD Radeon RX 5500 XT. Protection Back Plate. PCI-Express 4.0 Support. WINDFORCE 2X Cooling System.","17,700",Out Of Stock,https://www.startech.com.bd/gigabyte-rx-5500xt-oc-4gb-graphics-card
Gigabyte Radeon RX 5500 XT OC 4GB Graphics Card,"Powered by AMD Radeon RX 5500 XT. Protection Back Plate. PCI-Express 4.0 Support. WindForce 3X Cooling System.","18,200",Out Of Stock,https://www.startech.com.bd/gigabyte-radeon-rx-5500-xt-oc-graphics-card
XFX AMD Radeon RX 5500 XT THICC II Pro 4GB GDDR6 Graphics Card,"Dolby TrueHD and DTS-HD Master Audio Support. AMD Virtual Super Resolution (VSR). AMD Frame Rate Target Control. AMD Eyefinity multi-display technology.","19,500",Out Of Stock,https://www.startech.com.bd/xfx-amd-radeon-rx-5500-xt-thicc-ii-pro-graphics-card
ARKTEK NVIDIA Geforce GTX 1050Ti 4GB GDDR5 Graphics Card,"NVIDIA GeForce GTX VR Ready. Engine Clock: 1290~1392MHz. Dual Fan Design. NVIDIA G-SYNC.","20,000",Out Of Stock,https://www.startech.com.bd/arktek-nvidia-geforce-gtx-1050ti-graphics-card
Gigabyte Radeon RX 5500 XT Gaming OC 4GB Graphics Card,"Powered by AMD Radeon RX 5500 XT. Protection Back Plate. PCI-Express 4.0 Support. WindForce 3X Cooling System.","21,000",Out Of Stock,https://www.startech.com.bd/gigabyte-radeon-rx-5500-xt-gaming-oc-graphics-card
Asus Rog Strix RX570 OC edition 4GB GDDR5 Graphics Card,"Video Memory: GDDR5 4GB. Engine Clock: 1310 MHz (OC Mode) . Resolution:5120x2880. DVI HDMI Display Port HDCP.","21,800",Out Of Stock,https://www.startech.com.bd/asus-rog-strix-rx570-oc-4g-graphics-card
XFX RX 580 GTS XXX Edition 8GB DDR5 Graphics Card,"1366 MHz True Clock. 8GB 256-Bit GDDR5. DVI, HDMI, & 3 Display Port outputs. Resolution: 4096 x 2160.","22,000",Out Of Stock,https://www.startech.com.bd/xfx-580-gts-xxx-edition-8gb-graphics-card
Asus TUF Gaming GeForce GTX 1650 4GB GDDR6 Graphics Card,"Breakthrough Graphics Performance. Ultra-fast GDDR6. Space-grade lubricant. Auto-Extreme Technology.","25,200",Out Of Stock,https://www.startech.com.bd/asus-tuf-gaming-geforce-gtx-1650-4gb-graphics-card
Colorful iGame GeForce GTX 1660 Ti Ultra 6GB-V Graphics Card,"Ansel, GPU Boost, One-Key OC. Triple Fans,  RGB light. Powered by GeForce GTX 1660. Integrated with 6GB GDDR6 192-bit.","27,500",Out Of Stock,https://www.startech.com.bd/colorful-igame-geforce-gtx-1660-ti-ultra-graphics-card
Galax GeForce GTX 1060 OC 6GB GDDR5X Graphics Card,"Type NVIDIA GTX 1060 OC 6GB Graphics. Memory Speed 4004 (8008) Mhz. CUDA Cores 1280. PCIe 3.0.","28,000",Out Of Stock,https://www.startech.com.bd/galax-gtx-1060-oc-graphics-card
MSI GeForce GTX 1660 Super Gaming X 6GB GDDR6 Graphics Card,"Boost Clock: 1830 MHz . Memory Speed: 14 Gbps. Memory: 6GB GDDR6. Zero Frozr technology.","28,800",Out Of Stock,https://www.startech.com.bd/msi-geforce-gtx-1660-super-gaming-x-graphics-card
Gigabyte GeForce GTX 1660 Ti OC 6GB Graphics Card,"Type GeForce GTX 1660 Ti. Memory Size 6 GB. Memory Type GDDR6. Card Bus PCI-E 3.0 x 16.","29,300",Out Of Stock,https://www.startech.com.bd/gigabyte-gtx-1660-ti-oc-6g-graphics-card
Asus TUF Gaming X3 GeForce GTX 1660 Super 6GB GDDR6 Graphics Card,"IP5X dust resistance. Space-grade lubricant. Auto-Extreme Technology. 144-Hour Validation Program.","29,400",Out Of Stock,https://www.startech.com.bd/asus-tuf-gaming-x3-gtx-1660-super-6gb-graphics-card
XFX AMD Radeon RX 5500 XT THICC II Pro 8GB GDDR6 Graphics Card,"Dolby TrueHD and DTS-HD Master Audio Support. AMD Virtual Super Resolution (VSR). AMD Frame Rate Target Control. AMD Eyefinity multi-display technology.","22,800",Out Of Stock,https://www.startech.com.bd/xfx-amd-radeon-rx-5500-xt-thicc-ii-pro-8-graphics-card
ZOTAC GAMING GeForce GTX 1660 Ti AMP 6GB GDDR6 Graphics Card,"Video Memory: 6GB. Engine Clock: 1860 MHz. Bus Standard: 192-bit. 4K and VR Ready.","29,700",Out Of Stock,https://www.startech.com.bd/gaming-geforce-gtx-1660-ti-amp
XFX AMD Radeon RX 5600 XT THICC II Pro 6GB GDDR6 Graphics Card,"Dolby TrueHD and DTS-HD Master Audio Support. AMD Virtual Super Resolution (VSR). AMD Frame Rate Target Control. AMD Eyefinity multi-display technology.","29,800",Out Of Stock,https://www.startech.com.bd/xfx-amd-radeon-rx-5600-xt-thicc-ii-pro-graphics-card
Sapphire Pulse Radeon RX 5600 XT BE 6GB Graphics Card,"Memory:  8GB/256 bit GDDR6,14 Gbps Effective. Dual-X Cooling Technology. Stream Processors: 2304. Boost Clock: Up to 1620MHz.","32,000",Out Of Stock,https://www.startech.com.bd/sapphire-pulse-radeon-rx-5600-xt-be-6gb-graphics-card
ZOTAC GAMING GeForce RTX 2060 6GB GDDR6 Twin Fan Graphics Card,"Video Memory: 6GB. PCI Express 3.0. Engine Clock:1680 MHz. Resolution: 4096x2160@60Hz.","33,400",Out Of Stock,https://www.startech.com.bd/zotac-geforce-rtx-2060-graphics-card
MSI GeForce GTX 1650 D6 Ventus XS OCV2 4GB GDDR6 Graphics Card,"Boost Clock: 1620 MHz, Memory Speed: 12Gbps. Ultra-high delivers 4x of 1080p content. Afterburner Overclocking Utility. High Dynamic Range.","34,000",Out Of Stock,https://www.startech.com.bd/msi-gtx-1650-d6-ventus-xs-ocv2-4gb-graphics-card
XFX AMD Radeon RX 5600 XT THICC III Ultra 6GB GDDR6 Graphics Card,"Dolby TrueHD and DTS-HD Master Audio Support. AMD Virtual Super Resolution (VSR). AMD Frame Rate Target Control. AMD Eyefinity multi-display technology.","35,000",Out Of Stock,https://www.startech.com.bd/xfx-amd-radeon-rx-5600-tx-thicc-iii-ultra-graphics-card
XFX AMD Radeon RX 5600 XT THICC III Ultra 14Gbps 6GB GDDR6 Graphics Card,"Dolby TrueHD and DTS-HD Master Audio Support. AMD Virtual Super Resolution (VSR). AMD Frame Rate Target Control. AMD Eyefinity multi-display technology.","35,000",Out Of Stock,https://www.startech.com.bd/xfx-radeon-rx-5600-xt-thicc-iii-ultra-6g-graphics-card
XFX Radeon RX 5700 8GB Core Edition Graphics Card,"Boost Clock Speed:1725MHz. 8 GB DDR6 256-bit Memory. Resolution: 8K @ 60Hz and 5K at 120Hz. Minimum Power Supply Requirement 600 watt.","35,900",Out Of Stock,https://www.startech.com.bd/xfx-radeon-rx-5700-8gb-gddr6-graphics-card
Asus TUF Gaming GeForce GTX 1650 Super OC 4GB Graphics Card,"Video Memory: 4GB GDDR6. Engine Clock: 1800 MHz (OC Mode) . Resolution: 7680x4320. Auto-Extreme Technology.","36,000",Out Of Stock,https://www.startech.com.bd/asus-tuf-gaming-geforce-gtx-1650-super-oc-graphics-card
Asus TUF GeForce GTX 1650 Super Gaming 4GB GDDR6 Graphics Card,"DirectCU II. IP5X dust resistance. Space-grade lubricant. A 144-hour validation program.","36,000",Out Of Stock,https://www.startech.com.bd/asus-tuf-gtx-1650-super-gaming-4gb-graphics-card
XFX AMD Radeon RX 5600 XT THICC II Pro 14Gbps 6GB GDDR6 Graphics Card,"RDNA Architecture. Advanced 7nm GPU. AMD FreeSync 2 HDR. AMD Virtual Super Resolution.","39,500",Out Of Stock,https://www.startech.com.bd/xfx-radeon-rx-5600-xt-thicc-ii-pro-6g-graphics-card
Asus Dual Radeon RX 5700 Evo OC Edition 8GB Graphics Card,"Axial-tech fan design. 0dB Technology. IP5X dust resistance. Auto-Extreme Technology.","41,500",Out Of Stock,https://www.startech.com.bd/asus-dual-rx-5700-evo-oc-graphics-card
MSI Radeon RX 5700 XT MECH OC 8GB Graphics Card,"Boost Clock: Up to 1925 MHz, Game Clock: Up to 1815 MHz, Base Clock: 1670 MHz. Memory Speed: 14Gbps. Afterburner Overclocking Utility. TORX Fan 3.0, AMD Radeon FreeSync.","42,500",Out Of Stock,https://www.startech.com.bd/msi-radeon-rx-5700-xt-mech-oc-graphics-card
Gigabyte GeForce GTX 1660 Super OC 6GB Graphics Card,"Powered by GeForce GTX 1660 SUPER. Integrated with 6GB GDDR5 192-bit. WINDFORCE 2X Cooling System. Protection Back Plate.","45,000",Out Of Stock,https://www.startech.com.bd/gigabyte-geforce-gtx-1660-super-graphics-card
XFX Amd Radeon RX590 Fatboy 8GB OC DDR5 Graphics Card,"Memory Type  8GB DDR5. Memory Clock OC+:8.0GHz  . Memory Bus	256 bit. Bus Type PCI-E 3.0.","50,000",Out Of Stock,https://www.startech.com.bd/xfx-amd-radeon-rx590-8gb-graphics-card
XFX Radeon RX 5700 XT THICC III ULTRA 8GB GDDR6 Graphics Card,"Game Clock Up to 1935 MHz. Boost Clock Up to 2025 MHz. 8 GB GDDR6 Memory Size. Memory Clock Speed up to 14 GBPS.","50,000",Out Of Stock,https://www.startech.com.bd/xfx-rx-5700-xt-thicc-iii-ultra-graphics-card
ZOTAC GAMING GeForce RTX 2060 AMP 6GB GDDR6 Graphics Card,"Video Memory: 6GB. PCI Express 3.0. Engine Clock:1800 MHz. Display: 4096x2160@60Hz.","50,500",Out Of Stock,https://www.startech.com.bd/zotac-geforce-rtx-2060-amp-graphics-card
Gigabyte GeForce RTX 3060 VISION OC 12GB GDDR6 Graphics Card,"WINDFORCE 3X cooling with 3X80mm blade fans. 2 x DisplayPort 1.4a, 2 x HDMI 2.1. Core clock speed of 1837 MHz. Supports PCI-E 4.0 x 16.","55,500",Out Of Stock,https://www.startech.com.bd/gigabyte-geforce-rtx-3060-vision-oc-12gb-graphics-card
Gigabyte GeForce RTX 3060 Eagle OC 12GB Graphics Card,"NVIDIA Ampere Streaming Multiprocessors. 12GB GDDR6 Memory. 192-bit Memory Interface. WINDFORCE 2X Cooling System.","60,000",Out Of Stock,https://www.startech.com.bd/gigabyte-rtx-3060-eagle-oc-12g-graphics-card
Galax GeForce RTX 3060 1-Click OC 12GB GDDR6 Graphics Card,"CUDA Cores 3584, Boost Clock 1777MHz. 1-Click OC Clock 1792MHz. Memory Speed 15 Gbps. Fan Feature: 2 x 90mm.","65,000",Out Of Stock,https://www.startech.com.bd/galax-geforce-3060-1-click-oc-12gb-graphics-card
ZOTAC Gaming GeForce RTX 3060 AMP White Edition 12GB Graphics Card,"2nd Gen Ray Tracing Cores & 3rd Gen Tensor Cores. IceStorm 2.0 Advanced Cooling. Active Fan Control, FREEZE Fan Stop. Metal Wraparound Backplate.","70,000",Out Of Stock,https://www.startech.com.bd/zotac-gaming-geforce-rtx-3060-amp-12gb-graphics-card
Gigabyte GeForce RTX 3060 EAGLE 12GB GDDR6 Graphics Card,"NVIDIA Ampere Streaming Multiprocessors. 2 x DisplayPort 1.4a, 2 x HDMI 2.1. 2X100mm unique blade fans. Supports PCI-E 4.0 x 16.","74,500",Out Of Stock,https://www.startech.com.bd/gigabyte-geforce-rtx-3060-eagle-12gb-graphics-card
Gigabyte GeForce RTX 3060 GAMING OC 12GB Graphics Card,"2nd Gen RT Cores & 3rd Gen Tensor Cores. 12GB GDDR6 192-bit memory interface. NVIDIA Ampere Streaming Multiprocessors. RGB Fusion 2.0,  Metal back plate.","79,000",Out Of Stock,https://www.startech.com.bd/gigabyte-geforce-rtx-3060-oc-12gb-graphics-card
MSI Geforce RTX 3070 Gaming X Trio 8GB Graphics Card,"2nd Generation RT Cores 2X Throughput. 3rd Generation TENSOR Cores. SM 2X FP32 Throughput. TRI FROZR 2 Thermal System.","80,000",Out Of Stock,https://www.startech.com.bd/msi-geforce-rtx-3070-gaming-x-trio-8gb-graphics-card
XFX SPEEDSTER QICK 319 RX 6700 XT 12GB DDR6 Graphics Card,"Game Clock: 2424. Boost Clock: 2581. Memory Size: 12 GB. Memory Clock: 16 GBPS.","80,000",Out Of Stock,https://www.startech.com.bd/xfx-speedster-qick-319-rx-6700xt-12gb-graphics-card
Gigabyte GeForce RTX 3060 Ti Gaming OC 8GB Graphics Card,"NVIDIA Ampere Streaming Multiprocessors. 3rd Generation Tensor Cores. 2nd Generation RT Cores. WINDFORCE 3X Cooling System.","85,000",Out Of Stock,https://www.startech.com.bd/gigabyte-rtx-3060-ti-gaming-oc-8gb-graphics-card
Gigabyte AORUS GeForce RTX 3060 Ti MASTER 8GB Graphics Card,"8GB GDDR6 256-bit memory interface. NVIDIA Ampere Streaming Multiprocessors. RGB Fusion 2.0. 6 video outputs.","89,000",Out Of Stock,https://www.startech.com.bd/gigabyte-aorus-geforce-rtx-3060-ti-master-8gb-graphics-card
Gigabyte GeForce RTX 3060 Ti GAMING OC PRO 8GB Graphics Card,"NVIDIA Ampere Streaming Multiprocessors. 2nd Generation RT Cores. 3rd Generation Tensor Cores. WINDFORCE 3X Cooling System.","89,500",Out Of Stock,https://www.startech.com.bd/gigabyte-rtx-3060-ti-gaming-oc-pro-8gb-graphics-card
Gigabyte GeForce RTX 3070 Gaming OC 8GB Graphics Card,"NVIDIA Ampere Streaming Multiprocessors. Integrated with 8GB GDDR6 256-bit memory interface. WINDFORCE 3X Cooling System with alternate spinning fans. RGB Fusion 2.0.","95,000",Out Of Stock,https://www.startech.com.bd/gigabyte-rtx3070-gaming-oc-graphics-card
GALAX GeForce RTX 3070 1-Click OC 8GB DDR6 Graphics Card,"Memory Size: 8GB. Memory Speed: 14 Gbps. Memory Interface: 256-bit. 1-Click OC Clock: 1740MHz.","95,000",Out Of Stock,https://www.startech.com.bd/galax-rtx-3070-1-click-oc-8gb-graphics-card
Gigabyte AORUS GeForce RTX 3080 XTREME 10GB GDDR6X Graphics Card,"NVIDIA Ampere Streaming Multiprocessors. 2nd Gen RT & 3rd Gen Tensor Cores. LCD Edge View, 6 video outputs. MAX-COVERED cooling.","99,000",Out Of Stock,https://www.startech.com.bd/gigabyte-aorus-rtx-3080-xtreme-10gb-graphics-card
Colorful GeForce RTX 2080 Ti CH-V 11GB Graphics Card,"Memory Clock: 14Gbps. Memory Size: 11GB. Memory Bus Width: 352bit. Memory Type: GDDR6.","108,000",Out Of Stock,https://www.startech.com.bd/colorful-geforce-rtx-2080-ti-graphics-card
MSI GeForce RTX 3070 SUPRIM X 8GB Graphics Card,"3rd Gen TENSOR CORES Up to 2X Throughput. 2nd Gen RT CORES 2X, SM 2X FP32 . Boost: 1905MHz,Memory: 14Gbps. TORX Fan4.0, Dual BIOS,TRI FROZR 2S.","115,000",Out Of Stock,https://www.startech.com.bd/msi-geforce-rtx-3070-suprim-x-8gb-graphics-card
ASUS Dual GeForce RTX 3070 8GB GDDR6 Graphics Card,"NVIDIA Ampere Streaming Multiprocessors. Auto-Extreme Technology. 2nd Generation RT Cores. Axial-tech fan design.","114,000",Out Of Stock,https://www.startech.com.bd/asus-dual-rtx-3070-8gb-graphics-card
Gigabyte AORUS GeForce RTX 3070 MASTER 8GB Graphics Card,"NVIDIA Ampere Streaming Multiprocessors. 2nd Gen RT & 3rd Gen Tensor Cores. MAX-COVERED, LCD Edge View. RGB Fusion 2.0, 6 video outputs.","122,000",Out Of Stock,https://www.startech.com.bd/gigabyte-aorus-rtx-3070-master-8gb-graphics-card
MSI GeForce RTX 3070 GAMING Z TRIO 8GB GDDR6 Graphics Card,"Boost Clock/ Memory Speed: 1845 MHz/ 14 Gbps. DisplayPort x 3 (v1.4a), HDMI x 1 . TORX Fan 4.0, Core Pipe, Airflow. RGB Mystic Light.","123,000",Out Of Stock,https://www.startech.com.bd/msi-geforce-rtx-3070-gaming-z-trio-8gb-graphics-card
Gigabyte AORUS Radeon RX 6900 XT MASTER 16GB GDDR6 Graphics Card,"Powered by RDNA2 Radeon RX 6900 XT. 5120 stream processors. LCD Edge View & Dual BIOS. MAX-Covered cooling.","125,000",Out Of Stock,https://www.startech.com.bd/gigabyte-aorus-rx-6900-xt-master-16gb-graphics-card
ZOTAC GAMING GeForce RTX 3080 AMP Holo 10GB Graphics Card,"2nd Gen Ray Tracing Cores & 3rd Gen Tensor Cores. HoloBlack Design, Active Fan Control. SPECTRA 2.0 RGB Lighting. IceStorm 2.0 Advanced Cooling.","129,500",Out Of Stock,https://www.startech.com.bd/zotac-gaming-geforce-rtx-3080-amp-holo-10gb-graphics-card
SAPPHIRE NITRO+ AMD Radeon RX 6900 XT Special Edition 16GB GDDR6 Graphics Card,"Memory: 16GB/256 bit DDR6. 16 Gbps Effective. Boost Clock: Up to 2365 MHz. Stream Processors: 5120. RDNA 2 Architecture.","163,900",Up Coming,https://www.startech.com.bd/sapphire-nitro-plus-amd-radeon-rx-6900-xt-se-graphics-card
XFX Speedster MERC 319 RX6900 XT AMD RDNA 2 16GB Gaming Graphics Card,"Game Clock: to 2135MHz, Boost Clock: Up to 2365MHz. AMD RDNA 2 Architecture, AMD Fidelity FX. Base clock Up to: 1950 MHz. Thermal Solution: 3 Fan.","150,000",Out Of Stock,https://www.startech.com.bd/xfx-speedster-merc-319-rx6900-xt-rdna-2-16gb-graphics-card
Gigabyte GeForce RTX 3080 Vision OC 10GB GDDR6X Graphics Card,"NVIDIA Ampere Streaming Multiprocessors. 2nd Gen RT & 3rd Gen Tensor Cores. WINDFORCE 3X, RGB Fusion 2.0. Core Clock:1800MHz, Metal Back Plate.","155,000",Out Of Stock,https://www.startech.com.bd/gigabyte-rtx-3080-vision-oc-10gb-gddr6x-graphics-card
Gigabyte Aorus GeForce RTX 3090 Master 24GB GDDR6X Graphics Card,"NVIDIA Ampere Streaming Multiprocessors. 6 video outputs. LCD Edge View. MAX-COVERED cooling.","190,000",Out Of Stock,https://www.startech.com.bd/gigabyte-aorus-rtx-3090-master-24gb-graphics-card
Gigabyte AORUS GeForce RTX 3090 XTREME 24GB GDDR6X Graphics Card,"NVIDIA Ampere Streaming Multiprocessors. 24GB GDDR6X 384-bit memory interface. 2nd Gen RT & 3rd Gen Tensor Cores. MAX-COVERED, LCD Edge View.","200,000",Out Of Stock,https://www.startech.com.bd/gigabyte-aorus-rtx-3090-xtreme-24gb-graphics-card
Zotac Gaming GeForce RTX 3090 Trinity OC 24GB GDDR6X Graphics Card,"2nd Gen Ray Tracing Cores & 3rd Gen Tensor Cores. IceStorm 2.0 Advanced Cooling. Active Fan Control with FREEZE Fan Stop. NVIDIA NVLink (SLI-ready), VR Ready.","239,500",Out Of Stock,https://www.startech.com.bd/zotac-gaming-geforce-rtx-3090-trinity-oc-24gb-graphics-card
ASUS TUF Gaming GeForce RTX 3090 OC Edition 24GB GDDR6X Graphics Card,"NVIDIA Ampere Streaming Multiprocessors. 2nd Gen RT Cores & 3rd Gen Tensor Cores. Axial-tech Fan Design. GPU Tweak II.","280,000",Out Of Stock,https://www.startech.com.bd/asus-tuf-gaming-rtx3090-oc-24gb-graphics-card
Zotac Gaming GeForce GTX 1660 SUPER AMP 6GB GDDR6 Graphics Card,"IceStorm 2.0 Cooling. Super Compact Design. Dual 90mm Fans. 4K / HDR / VR Ready.","55,000",Out Of Stock,https://www.startech.com.bd/zotac-gaming-geforce-gtx-1660-super-amp-graphics-card
MSI GeForce RTX 3060 GAMING X 12GB GDDR6 Graphics Card,"Boost Clock/ Memory Speed: 1837 MHz/ 15 Gbps. DisplayPort x 3, HDMI x 1 . TORX Fan 4.0, Core Pipe, Airflow Control. RGB Mystic Light, Cores: 3584 Units.","88,000",Out Of Stock,https://www.startech.com.bd/msi-geforce-rtx-3060-gaming-x-12gb-graphics-card
ZOTAC Gaming GeForce RTX 2060 6GB GDDR6 Graphics Card,"Video Memory: 6GB. PCI Express 3.0. Engine Clock:1680 MHz. Resolution: 4096x2160@60Hz.","57,000",Out Of Stock,https://www.startech.com.bd/zotac-gaming-rtx-2060-6gb-graphics-card
ZOTAC GAMING GeForce RTX 3080 AMP Holo LHR 10GB Graphics Card,"2nd Gen Ray Tracing Cores & 3rd Gen Tensor Cores. HoloBlack Design, Active Fan Control. SPECTRA 2.0 RGB Lighting. LHR 43 MH/s ETH hash rate (est.).","127,900",Out Of Stock,https://www.startech.com.bd/zotac-gaming-geforce-rtx-3080-amp-holo-lhr-10gb-graphics-card
